gene_symbol	entrez_id	civic_variant_name	civic_variant_id	civic_aliases	allele_registry_id	genomic_coordinates	genomic_ref	genomic_alt
ESR1	2099	D538G	47	ASP538GLY	CA366085705	6:152419926-152419926	A	G
ESR1	2099	Y537S	50	GLY537SER	CA366085696	6:152419923-152419923	A	C
ESR1	2099	Y537N	49	GLY537ASN	CA366085693	6:152419922-152419922	T	A
RET	5979	M918T	113	"RS74799832,MET918THR"	CA009082	10:43617416-43617416	T	C
PDGFRA	5156	D842V	99	"RS121908585,ASP842VAL"	CA123194	4:55152093-55152093	A	T
BRAF	673	V600K	563	"RS121913227,VAL600LYS"	CA16602420	7:140453136-140453137	AC	TT
BRAF	673	V600E	12	"VAL600GLU,RS113488022"	CA123643	7:140453136-140453136	A	T
KIT	3815	V654A	73	"VAL654ALA,RS121913523"	CA16602402	4:55594258-55594258	T	C
KIT	3815	D816V	65	"RS121913507,ASP816VAL"	CA123513	4:55599321-55599321	A	T
ALK	238	F1174L	8	"RS863225281,PHE1174LEU"	CA279586	2:29443695-29443695	G	T
KRAS	3845	Q61L	908	"GLN61LEU,RS121913240"	CA210876	12:25380276-25380276	T	A
NRAS	4893	Q61H	893	"GLN61HIS,RS121913255"	CA16602358	1:115256528-115256528	T	G
KRAS	3845	Q61H	907	"GLN61HIS,RS17851045"	CA180922	12:25380275-25380275	T	G
KRAS	3845	Q61K	910	"GLN61LYS,RS121913238"	CA180750	12:25380277-25380277	G	T
NRAS	4893	Q61K	427	"RS121913254,GLN61LYS"	CA151263	1:115256530-115256530	G	T
NRAS	4893	G12D	878	"GLY12ASP,RS121913237"	CA130425	1:115258747-115258747	C	T
PIK3CA	5290	H1047L	1151	"HIS1047LEU,RS121913279"	CA123328	3:178952085-178952085	A	T
KRAS	3845	G13D	81	"RS112445441,GLY13ASP"	CA122534	12:25398281-25398281	C	T
KRAS	3845	G12S	913	"GLY12SER,RS121913530"	CA135565	12:25398285-25398285	C	T
KRAS	3845	G12R	530	"RS121913530,GLY12ARG"	CA122531	12:25398285-25398285	C	G
KRAS	3845	G12C	78	"RS121913530,GLY12CYS"	CA122528	12:25398285-25398285	C	A
PIK3CA	5290	H1047R	107	"RS121913279,HIS1047ARG"	CA123326	3:178952085-178952085	A	G
KRAS	3845	Q61R	909	"GLN61ARG,RS121913240"	CA261702	12:25380276-25380276	T	C
ALK	238	R1275Q	9	"RS113994087,ARG1275GLN"	CA341482	2:29432664-29432664	C	T
KIT	3815	S692L	980	"RS757733297,SER692LEU"	CA2923640	4:55595585-55595585	C	T
KIT	3815	Q694K	981	GLN694LYS	CA356909653	4:55595590-55595590	C	A
PIK3CA	5290	E542K	103	"RS121913273,GLU542LYS"	CA333572	3:178936082-178936082	G	A
BRAF	673	V600D	11	"VAL600ASP,RS121913377"	CA16602419	7:140453135-140453136	CA	AT
KRAS	3845	G12V	425	"RS121913529,GLY12VAL"	CA122540	12:25398284-25398284	C	A
KRAS	3845	G12D	79	"RS121913529,GLY12ASP"	CA122538	12:25398284-25398284	C	T
KRAS	3845	G12A	148	"RS121913529,GLY12ALA"	CA135567	12:25398284-25398284	C	G
FLT3	2322	D835V	1302	"ASP835VAL,RS121909646"	CA126344	13:28592641-28592641	T	A
IDH1	3417	R132C	59	"ARG132CYS,RS121913499"	CA16602374	2:209113113-209113113	G	A
EGFR	1956	L858R	33	"RS121434568,LEU858ARG"	CA126713	7:55259515-55259515	T	G
PIK3CA	5290	E545K	104	"RS104886003,GLU545LYS"	CA123334	3:178936091-178936091	G	A
EGFR	1956	T790M	34	"RS121434569,THR790MET"	CA090928	7:55249071-55249071	C	T
KRAS	3845	G13V	1517	"GLY13VAL,RS397517040"	CA645572107	12:25398280-25398281	GC	AA
EGFR	1956	G719S	134	"RS28929495,GLY719SER"	CA126722	7:55241707-55241707	G	A
PTEN	5728	R233*	110	"RS121909219,ARG233TER,R233X"	CA000549	10:89717672-89717672	C	T
TP53	7157	R175H	116	"R136H,R43H,RS28934578,ARG175HIS"	CA000251	17:7578406-7578406	C	T
NOTCH1	4851	V2444FS	137	VAL2444FS		9:139390861-139390861	G	TGT
NOTCH1	4851	D1642H	135	ASP1642HIS	CA16602788	9:139399219-139399219	C	G
NOTCH1	4851	R2327W	136	ARG2327TRP	CA5339772	9:139391212-139391212	G	A
PIK3CA	5290	E545D	934	"GLU545ASP,RS121913275"	CA16602698	3:178936093-178936093	G	C
TP53	7157	R248W	118	"RS121912651,ARG248TRP"	CA000382	17:7577539-7577539	G	A
TP53	7157	R273C	121	"RS121913343,ARG273CYS"	CA000432	17:7577121-7577121	G	A
TP53	7157	R273H	122	"RS28934576,ARG273HIS"	CA000434	17:7577120-7577120	C	T
TP53	7157	R248Q	117	"RS11540652,ARG248GLN"	CA000387	17:7577538-7577538	C	T
FGFR3	2261	Y375C	196	"Y373C,TYR375CYS"	CA341413	4:1806099-1806099	A	G
FOXL2	668	C134W	198		CA16602790	3:138665163-138665163	G	C
KIT	3815	M541L	201	"RS3822214,MET541LEU"	CA160347	4:55593464-55593464	A	C
BRAF	673	D594G	611	"RS121913338,ASP594GLY"	CA123657	7:140453154-140453154	T	C
BRAF	673	K601E	584	"RS121913364,LYS601GLU"	CA123645	7:140453134-140453134	T	C
BRAF	673	D594N	1107	"RS397516896,ASP594ASN"	CA135095	7:140453155-140453155	C	T
ROS1	6098	G2032R	1271	GLY2032ARG	CA16602597	6:117638347-117638347	C	T
KIT	3815	Y503_F504insAY	946		CA645516719	4:55592185-55592186		GCCTAT
MTHFR	4524	A222V	258	"ALA222VAL,C677T,RS1801133"	CA170990	1:11856378-11856378	G	A
ABCG2	9429	Q141K	260	GLN141LYS	CA129179	4:89052323-89052323	G	T
EGFR	1956	A763_Y764insFQEA	1515	RS397517106	CA135833	7:55248992-55248993		TCCAGGAAGCCT
EGFR	1956	S492R	453	SER492ARG	CA16602784	7:55228009-55228009	C	A
ERBB2	2064	Y772_A775DUP	414	"M774INSAYVM,A775_G776INSYVMA,TYR772_ALA775DUP,P.E770_A771INSAYVM,P.A775_G776INSYVMA,A775INSYVMA"	CA135369	17:37880996-37880997		TACGTGATGGCT
EGFR	1956	C797S	415	"RS1057519861,CYS797SER"	CA16602785	7:55249091-55249091	T	A
IDH1	3417	R132H	420	"RS121913500,ARG132HIS"	CA170874	2:209113112-209113112	C	T
FCGR3A	2214	F212V	457	"V158F,RS396991"	CA1211378	1:161514542-161514542	A	C
FCGR2A	2212	H167R	456	"HIS167ARG,H166R,H131R,RS1801274"	CA124361	1:161479745-161479745	A	G
EGFR	1956	K467T	455	LYS467THR	CA367579521	7:55227933-55227933	A	C
EGFR	1956	G465R	443	GLY465ARG	CA367579504	7:55227926-55227926	G	A
KIT	3815	RS3733542	482	LEU862=	CA2923796	4:55602765-55602765	G	C
KIT	3815	S501_A502INSAY	1206		CA645516719	4:55592179-55592180		GCCTAT
TP53	7157	P72R	531	"RS1042522,P33R,PRO72ARG"	CA000072	17:7579472-7579472	G	C
FLT3	2322	T227M	540	"THR227MET,RS1933437"	CA159846	13:28624294-28624294	G	A
EGFR	1956	S768I	562	"RS121913465,SER768ILE"	CA135840	7:55249005-55249005	G	T
FGFR3	2261	S249C	628	"RS121913483,SER249CYS"	CA126380	4:1803568-1803568	C	G
VHL	7428	R200W (c.598C>T)	631	"RS28940298,C.598C>T,ARG200TRP"	CA020510	3:10191605-10191605	C	T
BRAF	673	L505H	658	LEU505HIS	CA369588358	7:140477794-140477794	A	T
ERBB3	2065	V104M	701	VAL104MET	CA16602847	12:56478854-56478854	G	A
ERBB3	2065	G284R	703	GLY284ARG	CA16602624	12:56481922-56481922	G	A
ERBB3	2065	R103G	702	ARG103GLY	CA385279657	12:56478851-56478851	C	G
ALK	238	R1192P	1661	"RS113994089,ARG1192PRO"	CA341486	2:29443642-29443642	C	G
VHL	7428	R161* (c.481C>T)	1804	"RS5030818,ARG161TER,R161X,C.481C>T"	CA020408	3:10191488-10191488	C	T
VHL	7428	A56FS (c.164_165insG)	771	"377_378INSG,C.164_165INSG,164INSG"	CA645524645	3:10183695-10183696		G
VHL	7428	Q73* (c.217C>T)	1752	"RS869025619,GLN73TER,C.217C>T,Q73X"	CA357036	3:10183748-10183748	C	T
VHL	7428	I151T (c.452T>C)	1871	"RS869025655,ILE151THR,C.452T>C"	CA351754359	3:10188309-10188309	T	C
CHEK2	11200	1100DELC	785	"RS555607708,THR367METFS"	CA288251	22:29091857-29091857	G	
CHEK2	11200	I157T	787	"RS17879961,I200T,ILE157THR"	CA117630	22:29121087-29121087	A	G
VHL	7428	Y98H (c.292T>C)	1741	"RS5030809,TYR98HIS,C.292T>C"	CA020246	3:10183823-10183823	T	C
VHL	7428	W88* (c.263G>A)	2151	"RS119103277,C.263G>A,TRP88TER,W88X"	CA020197	3:10183794-10183794	G	A
KRAS	3845	A146T	906	"ALA146THR,RS121913527"	CA245262	12:25378562-25378562	C	T
IDH1	3417	R132G	927	"ARG132GLY,RS121913499"	CA16602375	2:209113113-209113113	G	C
IDH1	3417	R132L	880	"ARG132LEU,RS121913500"	CA16602372	2:209113112-209113112	C	A
IDH1	3417	R132S	928	"ARG132SER,RS121913499"	CA16602376	2:209113113-209113113	G	T
PIK3CA	5290	K111N	1234	"RS1057519934,LYS111ASN"	CA16602917	3:178916946-178916946	G	C
PIK3CA	5290	C420R	931	"CYS420ARG,RS121913272"	CA180900	3:178927980-178927980	T	C
PIK3CA	5290	I391M	1235	"RS2230461,ILE391MET"	CA161490	3:178927410-178927410	A	G
KRAS	3845	Q61E	1104	"GLN61GLU,RS121913238"	CA16602770	12:25380277-25380277	G	C
KRAS	3845	Q61P	1103	"GLN61PRO,RS121913240"	CA16602443	12:25380276-25380276	T	G
KRAS	3845	A146P	905	"ALA146PRO,RS121913527"	CA16602441	12:25378562-25378562	C	G
EGFR	1956	G719A	999	"GLY719ALA,RS121913428"	CA135775	7:55241708-55241708	G	C
EGFR	1956	R831H	1017	"ARG831HIS,RS150036236"	CA4266102	7:55259434-55259434	G	A
KIT	3815	T661I	979	THR661ILE	CA356908790	4:55594279-55594279	C	T
RET	5979	C609Y	1260	CYS609TYR	CA007824	10:43609070-43609070	G	A
ALK	238	F1245V	1295	"RS281864720,PHE1245VAL"	CA345003	2:29436860-29436860	A	C
VHL	7428	S183fs (c.548delC)	2100	"SER183FS,C.548DELC"	CA658795184	3:10191555-10191555	C	
ACVR1	90	G328V	1686	"RS387906589,GLY328VAL"	CA16602802	2:158622516-158622516	C	A
DICER1	23405	E1813Q	2052	GLU1813GLN	CA390864655	14:95557630-95557630	C	G
DICER1	23405	E1705K	2050	GLU1705LYS	CA390865421	14:95560476-95560476	C	T
ACVR1	90	R258G	2275	ARG258GLY	CA278984	2:158626898-158626898	T	C
FLT3	2322	N676K	3053		CA16602568	13:28602340-28602340	G	T
AKT1	207	E17K	4	"RS34409589,GLU17LYS"	CA123660	14:105246551-105246551	C	T
BTK	695	C481S	168	"RS1057519826,CYS481SER"	CA16602659	X:100611165-100611165	A	T
ERCC5	2073	RS751402	255		CA10642711	13:103498198-103498198	A	G
RAC1	5879	P29S	367	PRO29SER	CA16602801	7:6426892-6426892	C	T
TERT	7015	RS2736100	421		CA11915794	5:1286516-1286516	C	A
FCGR2B	2213	I232T	458	"ILE232THR,RS1050501"	CA117549	1:161643798-161643798	T	C
JAK2	3717	V617F	64	"RS77375493,VAL617PHE"	CA124183	9:5073770-5073770	G	T
NPM1	4869	W288FS	87	"TRP288FS,RS587776806,NPM1-A"	CA280199	5:170837547-170837548		TCTG
U2AF1	7307	Q157P/R	127			21:44514777-44514777	T	G
U2AF1	7307	S34Y/F	128			21:44524456-44524456	G	A
IDH2	3418	R172K	63	"RS121913503,R120K,ARG172LYS"	CA16602462	15:90631838-90631838	C	T
XRCC1	7515	R194W	249	"ARG194TRP,RS1799782"	CA9488737	19:44057574-44057574	G	A
XRCC1	7515	Q399R	261	"RS25487,GLN399ARG"	CA9488516	19:44055726-44055726	T	C
WEE1	7465	RS3910384	331	INTRON POLYMORPHISM	CA15681425	11:9599943-9599943	A	G
HIF1A	3091	3' UTR Polymorphism	433		CA7216212	14:62213848-62213848	T	C
HOXB13	10481	G84E	772	"GLY84GLU,RS138213197"	CA288225	17:46805705-46805705	C	T
SLCO1B1	10599	N130D	778	"RS2306283,ASN130ASP"	CA6476674	12:21329738-21329738	A	G
SLCO1B1	10599	RS4149056	777	"V174A,VAL174ALA"	CA6476722	12:21331549-21331549	T	C
CTNNB1	1499	T41A	1285	"RS121913412,THR41ALA"	CA127269	3:41266124-41266124	A	G
CTNNB1	1499	S45F	1286	"RS121913409,SER45PHE"	CA127283	3:41266137-41266137	C	T
CTNNB1	1499	S45P	1287	"RS121913407,SER45PRO"	CA127285	3:41266136-41266136	T	C
NT5C2	22978	K359Q	239	LYS359GLN	CA16602792	10:104852980-104852980	T	G
GSTP1	2950	I105V	259	ILE105VAL	CA6142790	11:67352689-67352689	A	G
ABCB1	5243	S893T	262	"RS2032582,SER893THR,A893S"	CA179696	7:87160618-87160618	A	T
ABCB1	5243	I1145I	263	"ILE1145=,3435C-T,RS1045642,T3435C"	CA4327768	7:87138645-87138645	A	G
ERCC2	2068	K751Q	264	LYS751GLN	CA158782	19:45854919-45854919	T	G
MGMT	4255	RS16906252	338		CA5747879	10:131265545-131265545	C	T
MYD88	4615	L265P	424	"LEU273PRO,L273P,LEU265PRO"	CA130043	3:38182641-38182641	T	C
ETS2	2114	RS461155	445		CA10025650	21:40191638-40191638	A	G
ABCB1	5243	S893A/T	451	RS2032582	CA179699	7:87160618-87160618	A	C
PPP1R15A	23645	RS557806	548	"R251P,ARG251PRO"	CA9560103	19:49377242-49377242	G	C
MAP2K7	5609	E116K	566	GLU116LYS	CA304968685	19:7975157-7975157	G	A
CBLB	868	RS2305035	643	D424D	CA2524814	3:105439026-105439026	G	A
CASP8	841	D302H	650	"ASP302HIS,D285H,RS1045485"	CA119051	2:202149589-202149589	G	C
SH2B3	10019	RS3184504	699	"TRP262ARG,R262W,ARG262TRP"	CA6789733	12:111884608-111884608	T	C
GNAS	2778	T393C	877		CA409455494	20:57428713-57428713	T	C